<?xml version="1.0" encoding="utf-8" ?>
<dwsync>
<file name="glyphicons-halflings-white.png" server="ftp.populerdunya.com/photographer-html/" local="129912542500000000" remote="130973077200000000" Dst="1" />
<file name="glyphicons-halflings.png" server="ftp.populerdunya.com/photographer-html/" local="129912542500000000" remote="130973077200000000" Dst="1" />
<file name="pixelwars-logo.png" server="ftp.populerdunya.com/photographer-html/" local="129826265290000000" remote="130973077200000000" Dst="1" />
<file name="glyphicons-halflings-white.png" server="ftp.populerdunya.com/empathy-html/" local="129912542500000000" remote="131009469000000000" Dst="1" />
<file name="glyphicons-halflings.png" server="ftp.populerdunya.com/empathy-html/" local="129912542500000000" remote="131009469000000000" Dst="1" />
<file name="pixelwars-logo.png" server="ftp.populerdunya.com/empathy-html/" local="129826265290000000" remote="131009469000000000" Dst="1" />
<file name="glyphicons-halflings-white.png" server="ftp.populerdunya.com/ucard-html/" local="129912542500000000" remote="131105610600000000" Dst="2" />
<file name="glyphicons-halflings.png" server="ftp.populerdunya.com/ucard-html/" local="129912542500000000" remote="131105610600000000" Dst="2" />
<file name="pixelwars-logo.png" server="ftp.populerdunya.com/ucard-html/" local="129826265290000000" remote="131105610600000000" Dst="2" />
<file name="glyphicons-halflings-white.png" server="ftp.populerdunya.com/impose-html/" local="129912542500000000" remote="131326359600000000" Dst="0" />
<file name="glyphicons-halflings.png" server="ftp.populerdunya.com/impose-html/" local="129912542500000000" remote="131326359600000000" Dst="0" />
<file name="pixelwars-logo.png" server="ftp.populerdunya.com/impose-html/" local="129826265290000000" remote="131326359600000000" Dst="0" />
<file name="glyphicons-halflings-white.png" server="ftp.populerdunya.com/lazyguy/" local="129912542500000000" remote="131386727400000000" Dst="0" />
<file name="glyphicons-halflings.png" server="ftp.populerdunya.com/lazyguy/" local="129912542500000000" remote="131386727400000000" Dst="0" />
<file name="pixelwars-logo.png" server="ftp.populerdunya.com/lazyguy/" local="129826265290000000" remote="131386727400000000" Dst="0" />
</dwsync>